<?xml version="1.0"?>
<!--<!DOCTYPE metadata SYSTEM "http://www.esri.com/metadata/esriprof80.dtd">-->
<metadata xml:lang="en"><Esri><MetaID>{29E2E761-3C0E-4B01-A335-6993F8FA454F}</MetaID><CreaDate>20040207</CreaDate><CreaTime>13462700</CreaTime><SyncOnce>FALSE</SyncOnce><SyncDate>20040207</SyncDate><SyncTime>14411000</SyncTime><ModDate>20040207</ModDate><ModTime>14411000</ModTime></Esri><idinfo><native Sync="TRUE">Microsoft Windows 2000 Version 5.1 (Build 2600) Service Pack 1; ESRI ArcCatalog 8.3.0.800</native><descript><langdata Sync="TRUE">en</langdata><abstract>Estimates of Peoria Loess thickness from logs of test holes drilled by Conservation and Survey Division, University of Nebraska-Lincoln.</abstract><purpose>Provide information on local maximum thickness of Peoria Loess, i.e. thickness of this unit on level to gently sloping upland summits</purpose></descript><citation><citeinfo><origin>Joseph A. Mason, formerly Research Geologist, Conservation and Survey Division, Univ. of Nebraska-Lincoln</origin><pubdate>February 8, 2004</pubdate><title Sync="TRUE">peoria_thick</title><ftname Sync="TRUE">peoria_thick</ftname><geoform Sync="TRUE">vector digital data</geoform><edition>1</edition><othercit>Mason, J. A.  2001.  Transport direction of Peoria Loess in Nebraska and implications for loess sources on the central Great Plains.  Quaternary Research 56: 79-86.</othercit><onlink Sync="TRUE">\\JMASON\C$\dustgis\peoria_thick.shp</onlink></citeinfo></citation><timeperd><current>2000</current><timeinfo><sngdate><caldate>2000</caldate></sngdate></timeinfo></timeperd><status><progress>Complete</progress><update>Will not be updated</update></status><spdom><bounding><westbc Sync="TRUE">-101.722504</westbc><eastbc Sync="TRUE">-95.670799</eastbc><northbc Sync="TRUE">42.213102</northbc><southbc Sync="TRUE">40.001098</southbc></bounding><lboundng><leftbc Sync="TRUE">-101.722504</leftbc><rightbc Sync="TRUE">-95.670799</rightbc><bottombc Sync="TRUE">40.001098</bottombc><topbc Sync="TRUE">42.213102</topbc></lboundng></spdom><keywords><theme><themekey>Peoria Loess</themekey><themekey>loess</themekey><themekey>loess thickness</themekey></theme><place><placekey>Nebraska</placekey><placekey>Great Plains</placekey></place></keywords><accconst>None</accconst><useconst>None</useconst><natvform Sync="TRUE">Shapefile</natvform><ptcontac><cntinfo><cntaddr><address>Dept. of Geography, Univ. of Wisconsin-Madison</address><address>384 Science Hall</address><address>550 N. Park St.</address><addrtype>mailing address</addrtype><city>Madison</city><state>WI</state><postal>53706</postal><country>USA</country></cntaddr><cntperp><cntper>Joseph A. Mason</cntper><cntorg>Department of Geography, University of Wisconsin-Madison</cntorg></cntperp><cntpos>Assistant Professor</cntpos><cntvoice>608.262.6316</cntvoice><cntemail>mason@geography.wisc.edu</cntemail></cntinfo></ptcontac><datacred>Developed by Joseph A. Mason, formerly research geologist, Conservation and Survey Division, University of Nebraska-Lincoln, currently at Department of Geography, University of Wisconsin-Madison</datacred></idinfo><dataIdInfo><envirDesc Sync="TRUE">Microsoft Windows 2000 Version 5.1 (Build 2600) Service Pack 1; ESRI ArcCatalog 8.3.0.800</envirDesc><dataLang><languageCode Sync="TRUE" value="en"></languageCode></dataLang><idCitation><resTitle Sync="TRUE">peoria_thick</resTitle><presForm><PresFormCd Sync="TRUE" value="005"></PresFormCd></presForm></idCitation><spatRpType><SpatRepTypCd Sync="TRUE" value="001"></SpatRepTypCd></spatRpType><dataExt><geoEle><GeoBndBox esriExtentType="native"><westBL Sync="TRUE">-101.722504</westBL><eastBL Sync="TRUE">-95.670799</eastBL><northBL Sync="TRUE">42.213102</northBL><southBL Sync="TRUE">40.001098</southBL><exTypeCode Sync="TRUE">1</exTypeCode></GeoBndBox></geoEle></dataExt><geoBox esriExtentType="decdegrees"><westBL Sync="TRUE">-101.722504</westBL><eastBL Sync="TRUE">-95.670799</eastBL><northBL Sync="TRUE">42.213102</northBL><southBL Sync="TRUE">40.001098</southBL><exTypeCode Sync="TRUE">1</exTypeCode></geoBox></dataIdInfo><metainfo><langmeta Sync="TRUE">en</langmeta><metstdn Sync="TRUE">FGDC Content Standards for Digital Geospatial Metadata</metstdn><metstdv Sync="TRUE">FGDC-STD-001-1998</metstdv><mettc Sync="TRUE">local time</mettc><metc><cntinfo><cntaddr><addrtype>mailing address</addrtype><city>Madison</city><state>Wisconsin</state><postal>53706</postal><address>Department of Geography</address><address>University of Wisconsin-Madison</address><address>384 Science Hall</address><address>550 North Park Street</address><country>USA</country></cntaddr><cntvoice>608.262.6316</cntvoice><cntperp><cntper>Joseph A. Mason</cntper><cntorg>Department of Geography, University of Wisconsin-Madison</cntorg></cntperp><cntpos>Assistant Professor</cntpos><cntemail>mason@geography.wisc.edu</cntemail></cntinfo></metc><metd Sync="TRUE">20040207</metd><metextns><onlink Sync="TRUE">http://www.esri.com/metadata/esriprof80.html</onlink><metprof Sync="TRUE">ESRI Metadata Profile</metprof></metextns></metainfo><mdLang><languageCode Sync="TRUE" value="en"></languageCode></mdLang><mdStanName Sync="TRUE">ISO 19115 Geographic Information - Metadata</mdStanName><mdStanVer Sync="TRUE">DIS_ESRI1.0</mdStanVer><mdChar><CharSetCd Sync="TRUE" value="004"></CharSetCd></mdChar><mdHrLv><ScopeCd Sync="TRUE" value="005"></ScopeCd></mdHrLv><mdHrLvName Sync="TRUE">dataset</mdHrLvName><distinfo><resdesc Sync="TRUE">Downloadable Data</resdesc><stdorder><digform><digtinfo><transize Sync="TRUE">0.111</transize><dssize Sync="TRUE">0.111</dssize></digtinfo></digform></stdorder></distinfo><distInfo><distributor><distorTran><onLineSrc><orDesc Sync="TRUE">002</orDesc><linkage Sync="TRUE">file://\\JMASON\C$\dustgis\peoria_thick.shp</linkage><protocol Sync="TRUE">Local Area Network</protocol></onLineSrc><transSize Sync="TRUE">0.111</transSize></distorTran><distorFormat><formatName Sync="TRUE">Shapefile</formatName></distorFormat></distributor></distInfo><spdoinfo><direct Sync="TRUE">Vector</direct><ptvctinf><esriterm Name="peoria_thick"><efeatyp Sync="TRUE">Simple</efeatyp><efeageom Sync="TRUE">Point</efeageom><esritopo Sync="TRUE">FALSE</esritopo><efeacnt Sync="TRUE">520</efeacnt><spindex Sync="TRUE">TRUE</spindex><linrefer Sync="TRUE">FALSE</linrefer></esriterm><sdtsterm Name="peoria_thick"><sdtstype Sync="TRUE">Entity point</sdtstype><ptvctcnt Sync="TRUE">520</ptvctcnt></sdtsterm></ptvctinf></spdoinfo><spref><horizsys><cordsysn><geogcsn Sync="TRUE">GCS_North_American_1927</geogcsn></cordsysn><geograph><geogunit Sync="TRUE">Decimal degrees</geogunit><latres Sync="TRUE">0.000000</latres><longres Sync="TRUE">0.000000</longres></geograph><geodetic><horizdn Sync="TRUE">North American Datum of 1927</horizdn><ellips Sync="TRUE">Clarke 1866</ellips><semiaxis Sync="TRUE">6378206.400000</semiaxis><denflat Sync="TRUE">294.978698</denflat></geodetic></horizsys></spref><refSysInfo><RefSystem><refSysID><identCode Sync="TRUE">GCS_North_American_1927</identCode></refSysID></RefSystem></refSysInfo><spatRepInfo><VectSpatRep><topLvl><TopoLevCd Sync="TRUE" value="001"></TopoLevCd></topLvl><geometObjs Name="peoria_thick"><geoObjTyp><GeoObjTypCd Sync="TRUE" value="004"></GeoObjTypCd></geoObjTyp><geoObjCnt Sync="TRUE">520</geoObjCnt></geometObjs></VectSpatRep></spatRepInfo><eainfo><detailed Name="peoria_thick"><enttyp><enttypl Sync="TRUE">peoria_thick</enttypl><enttypt Sync="TRUE">Feature Class</enttypt><enttypc Sync="TRUE">520</enttypc></enttyp><attr><attrlabl Sync="TRUE">FID</attrlabl><attalias Sync="TRUE">FID</attalias><attrtype Sync="TRUE">OID</attrtype><attwidth Sync="TRUE">4</attwidth><atprecis Sync="TRUE">0</atprecis><attscale Sync="TRUE">0</attscale><attrdef Sync="TRUE">Internal feature number.</attrdef><attrdefs Sync="TRUE">ESRI</attrdefs><attrdomv><udom Sync="TRUE">Sequential unique whole numbers that are automatically generated.</udom></attrdomv></attr><attr><attrlabl Sync="TRUE">Shape</attrlabl><attalias Sync="TRUE">Shape</attalias><attrtype Sync="TRUE">Geometry</attrtype><attwidth Sync="TRUE">0</attwidth><atprecis Sync="TRUE">0</atprecis><attscale Sync="TRUE">0</attscale><attrdef Sync="TRUE">Feature geometry.</attrdef><attrdefs Sync="TRUE">ESRI</attrdefs><attrdomv><udom Sync="TRUE">Coordinates defining the features.</udom></attrdomv></attr><attr><attrlabl Sync="TRUE">AREA</attrlabl><attalias Sync="TRUE">AREA</attalias><attrtype Sync="TRUE">Number</attrtype><attwidth Sync="TRUE">19</attwidth><atnumdec Sync="TRUE">6</atnumdec></attr><attr><attrlabl Sync="TRUE">PERIMETER</attrlabl><attalias Sync="TRUE">PERIMETER</attalias><attrtype Sync="TRUE">Number</attrtype><attwidth Sync="TRUE">19</attwidth><atnumdec Sync="TRUE">6</atnumdec></attr><attr><attrlabl Sync="TRUE">LAT</attrlabl><attalias Sync="TRUE">LAT</attalias><attrtype Sync="TRUE">Number</attrtype><attwidth Sync="TRUE">14</attwidth><atnumdec Sync="TRUE">4</atnumdec><attrdef>Latitude of test hole</attrdef><attrdefs>Converted from Township and Range system location, method uncertain</attrdefs><attrvai><attrva>unknown</attrva></attrvai></attr><attr><attrlabl Sync="TRUE">LONG</attrlabl><attalias Sync="TRUE">LONG</attalias><attrtype Sync="TRUE">Number</attrtype><attwidth Sync="TRUE">13</attwidth><atnumdec Sync="TRUE">4</atnumdec><attrdef>longitude of test hole</attrdef><attrdefs>Converted from Township and Range system location, method uncertain</attrdefs><attrvai><attrva>unknown</attrva></attrvai></attr><attr><attrlabl Sync="TRUE">X</attrlabl><attalias Sync="TRUE">X</attalias><attrtype Sync="TRUE">Number</attrtype><attwidth Sync="TRUE">16</attwidth><attrdef>UTM Zone 14 Easting Coordinate (m) [NAD27]</attrdef><attrdefs>Converted by ArcInfo GIS from lat-long</attrdefs><attrvai><attrva>unknown</attrva></attrvai></attr><attr><attrlabl Sync="TRUE">Y</attrlabl><attalias Sync="TRUE">Y</attalias><attrtype Sync="TRUE">Number</attrtype><attwidth Sync="TRUE">16</attwidth><attrdef>UTM Zone 14 Northing coordinate (m) [NAD27]</attrdef><attrdefs>Converted by ArcInfo GIS from lat-long</attrdefs><attrvai><attrva>unknown</attrva></attrvai></attr><attr><attrlabl Sync="TRUE">TRUID</attrlabl><attalias Sync="TRUE">TRUID</attalias><attrtype Sync="TRUE">String</attrtype><attwidth Sync="TRUE">16</attwidth><attrdef>Identification number of test hole</attrdef><attrdefs>Test hole logs</attrdefs></attr><attr><attrlabl Sync="TRUE">PEORIATH</attrlabl><attalias Sync="TRUE">PEORIATH</attalias><attrtype Sync="TRUE">Number</attrtype><attwidth Sync="TRUE">16</attwidth><attrdef>Peoria Loess thickness (feet)</attrdef><attrdefs>Estimated by J. Mason (see Mason, 2001)</attrdefs><attrvai><attrva>see Mason (2001)</attrva></attrvai></attr><attr><attrlabl Sync="TRUE">PEORIATHM</attrlabl><attalias Sync="TRUE">PEORIATHM</attalias><attrtype Sync="TRUE">Number</attrtype><attwidth Sync="TRUE">18</attwidth><atnumdec Sync="TRUE">2</atnumdec><attrdef>Peoria Loess thickness (meters)</attrdef><attrdefs>converted from Peoria Loess thickness (feet)</attrdefs><attrvai><attrva>see Mason (2001)</attrva></attrvai></attr></detailed><overview><dsoverv>See description of data set and methods in:

Mason, J. A.  2001.  Transport direction of Peoria Loess in Nebraska and implications for loess sources on the central Great Plains.  Quaternary Research 56: 79-86.</dsoverv></overview></eainfo><mdDateSt Sync="TRUE">20040207</mdDateSt><dataqual><lineage><srcinfo><srccite><citeinfo><origin>Various staff of Conservation and Survey Division</origin><pubdate>Unpublished Material</pubdate><title>Test hole sample logs</title><othercit>Test hole sample logs are filed at the offices of the Conservation and Survey Division, School of Natural Resources, University of Nebraska-Lincoln</othercit></citeinfo></srccite><typesrc>paper</typesrc><srccontr>Conservation and Survey Division Test Hole Logs</srccontr></srcinfo></lineage><attracc><attraccr>See the following reference for details on methodology and estimated accuracy of loess thickness.  Accuracy is sufficient for scientific purposes similar to those described in this reference, but not for any site-specific engineering, environmental or regulatory applications of geologic data.

Mason, J. A.  2001.  Transport direction of Peoria Loess in Nebraska and implications for loess sources on the central Great Plains.  Quaternary Research 56: 79-86.</attraccr></attracc><posacc><horizpa><horizpar>Accuracy of horizontal locations is unknown.  Locations are derived from test hole logs on file at Conservation and Survey Division, School of Natural Resources, University of Nebraska-Lincoln.  Information in the original logs should be consulted if exact site locations are needed.</horizpar></horizpa></posacc></dataqual></metadata>
