<?xml version="1.0"?>
<!--<!DOCTYPE metadata SYSTEM "http://www.esri.com/metadata/esriprof80.dtd">-->
<metadata xml:lang="en"><Esri><CreaDate>20040207</CreaDate><CreaTime>14452500</CreaTime><SyncOnce>FALSE</SyncOnce><SyncDate>20040207</SyncDate><SyncTime>14590700</SyncTime><ModDate>20040207</ModDate><ModTime>14590700</ModTime><MetaID>{154D2A45-96A4-4A59-BD85-C073A9A43AFF}</MetaID></Esri><idinfo><native Sync="TRUE">Microsoft Windows 2000 Version 5.1 (Build 2600) Service Pack 1; ESRI ArcCatalog 8.3.0.800</native><descript><langdata Sync="TRUE">en</langdata><abstract>Surface interpolated from point values of Peoria Loess thickness.  Thickness values obtained from logs of test holes drilled by Conservation and Survey Division, University of Nebraska-Lincoln.</abstract><purpose>Provide information on local maximum thickness of Peoria Loess, i.e. thickness of this unit on level to gently sloping upland summits</purpose></descript><citation><citeinfo><origin>Joseph A. Mason, formerly Research Geologist, Conservation and Survey Division, Univ. of Nebraska-Lincoln</origin><pubdate>February 8, 2004</pubdate><title Sync="TRUE">peoria_thick</title><ftname Sync="TRUE">peoria_thick</ftname><geoform Sync="TRUE">raster digital data</geoform><edition>1</edition><othercit>Mason, J. A.  2001.  Transport direction of Peoria Loess in Nebraska and implications for loess sources on the central Great Plains.  Quaternary Research 56: 79-86.</othercit><onlink Sync="TRUE">\\JMASON\C$\dustgis\peoria_thick</onlink></citeinfo></citation><timeperd><current>2000</current><timeinfo><sngdate><caldate>2000</caldate></sngdate></timeinfo></timeperd><status><progress>Complete</progress><update>Will not be updated</update></status><spdom><bounding><westbc Sync="TRUE">-101.718826</westbc><eastbc Sync="TRUE">-95.191520</eastbc><northbc Sync="TRUE">42.123952</northbc><southbc Sync="TRUE">39.939286</southbc></bounding><lboundng><leftbc Sync="TRUE">275142.093750</leftbc><rightbc Sync="TRUE">815142.093750</rightbc><bottombc Sync="TRUE">4427325.000000</bottombc><topbc Sync="TRUE">4663325.000000</topbc></lboundng></spdom><keywords><theme><themekey>Peoria Loess</themekey><themekey>loess</themekey><themekey>loess thickness</themekey></theme><place><placekey>Nebraska</placekey><placekey>Great Plains</placekey></place></keywords><accconst>None</accconst><useconst>None</useconst><natvform Sync="TRUE">Raster Dataset</natvform><ptcontac><cntinfo><cntaddr><address>Dept. of Geography, Univ. of Wisconsin-Madison</address><address>384 Science Hall</address><address>550 N. Park St.</address><addrtype>mailing address</addrtype><city>Madison</city><state>WI</state><postal>53706</postal><country>USA</country></cntaddr><cntperp><cntper>Joseph A. Mason</cntper><cntorg>Department of Geography, University of Wisconsin-Madison</cntorg></cntperp><cntpos>Assistant Professor</cntpos><cntvoice>608.262.6316</cntvoice><cntemail>mason@geography.wisc.edu</cntemail></cntinfo></ptcontac><datacred>Developed by Joseph A. Mason, formerly research geologist, Conservation and Survey Division, University of Nebraska-Lincoln, currently at Department of Geography, University of Wisconsin-Madison</datacred></idinfo><dataIdInfo><envirDesc Sync="TRUE">Microsoft Windows 2000 Version 5.1 (Build 2600) Service Pack 1; ESRI ArcCatalog 8.3.0.800</envirDesc><dataLang><languageCode Sync="TRUE" value="en"></languageCode></dataLang><idCitation><resTitle Sync="TRUE">peoria_thick</resTitle><presForm><PresFormCd Sync="TRUE" value="005"></PresFormCd></presForm></idCitation><spatRpType><SpatRepTypCd Sync="TRUE" value="002"></SpatRepTypCd></spatRpType><dataExt><geoEle><GeoBndBox esriExtentType="native"><westBL Sync="TRUE">275142.09375</westBL><eastBL Sync="TRUE">815142.09375</eastBL><northBL Sync="TRUE">4663325</northBL><southBL Sync="TRUE">4427325</southBL><exTypeCode Sync="TRUE">1</exTypeCode></GeoBndBox></geoEle></dataExt><geoBox esriExtentType="decdegrees"><westBL Sync="TRUE">-101.718826</westBL><eastBL Sync="TRUE">-95.19152</eastBL><northBL Sync="TRUE">42.123952</northBL><southBL Sync="TRUE">39.939286</southBL><exTypeCode Sync="TRUE">1</exTypeCode></geoBox></dataIdInfo><metainfo><langmeta Sync="TRUE">en</langmeta><metstdn Sync="TRUE">FGDC Content Standards for Digital Geospatial Metadata</metstdn><metstdv Sync="TRUE">FGDC-STD-001-1998</metstdv><mettc Sync="TRUE">local time</mettc><metc><cntinfo><cntaddr><addrtype>mailing address</addrtype><city>Madison</city><state>Wisconsin</state><postal>53706</postal><address>Department of Geography</address><address>University of Wisconsin-Madison</address><address>384 Science Hall</address><address>550 North Park Street</address><country>USA</country></cntaddr><cntvoice>608.262.6316</cntvoice><cntperp><cntper>Joseph A. Mason</cntper><cntorg>Department of Geography, University of Wisconsin-Madison</cntorg></cntperp><cntpos>Assistant Professor</cntpos><cntemail>mason@geography.wisc.edu</cntemail></cntinfo></metc><metd Sync="TRUE">20040207</metd><metextns><onlink Sync="TRUE">http://www.esri.com/metadata/esriprof80.html</onlink><metprof Sync="TRUE">ESRI Metadata Profile</metprof></metextns></metainfo><mdLang><languageCode Sync="TRUE" value="en"></languageCode></mdLang><mdStanName Sync="TRUE">ISO 19115 Geographic Information - Metadata</mdStanName><mdStanVer Sync="TRUE">DIS_ESRI1.0</mdStanVer><mdChar><CharSetCd Sync="TRUE" value="004"></CharSetCd></mdChar><mdHrLv><ScopeCd Sync="TRUE" value="005"></ScopeCd></mdHrLv><mdHrLvName Sync="TRUE">dataset</mdHrLvName><distinfo><resdesc Sync="TRUE">Downloadable Data</resdesc><stdorder><digform><digtinfo><transize Sync="TRUE">0.502</transize><dssize Sync="TRUE">0.502</dssize></digtinfo></digform></stdorder></distinfo><distInfo><distributor><distorTran><onLineSrc><orDesc Sync="TRUE">002</orDesc><linkage Sync="TRUE">file://\\JMASON\C$\dustgis\peoria_thick</linkage><protocol Sync="TRUE">Local Area Network</protocol></onLineSrc><transSize Sync="TRUE">0.502</transSize></distorTran><distorFormat><formatName Sync="TRUE">Raster Dataset</formatName></distorFormat></distributor></distInfo><spdoinfo><direct Sync="TRUE">Raster</direct><ptvctinf><esriterm Name="peoria_thick"><efeatyp Sync="TRUE">Simple</efeatyp><efeageom Sync="TRUE">Point</efeageom><esritopo Sync="TRUE">FALSE</esritopo><efeacnt Sync="TRUE">520</efeacnt><spindex Sync="TRUE">TRUE</spindex><linrefer Sync="TRUE">FALSE</linrefer></esriterm><sdtsterm Name="peoria_thick"><sdtstype Sync="TRUE">Entity point</sdtstype><ptvctcnt Sync="TRUE">520</ptvctcnt></sdtsterm></ptvctinf><rastinfo><rasttype Sync="TRUE">Grid Cell</rasttype><rowcount Sync="TRUE">236</rowcount><colcount Sync="TRUE">540</colcount><rastxsz Sync="TRUE">1000.000000</rastxsz><rastysz Sync="TRUE">1000.000000</rastysz><rastbpp Sync="TRUE">32</rastbpp><vrtcount Sync="TRUE">1</vrtcount><rastorig Sync="TRUE">Upper Left</rastorig><rastcmap Sync="TRUE">FALSE</rastcmap><rastcomp Sync="TRUE">Default</rastcomp><rastband Sync="TRUE">1</rastband><rastdtyp Sync="TRUE">matrix values</rastdtyp><rastplyr Sync="TRUE">FALSE</rastplyr><rastifor Sync="TRUE">ESRI GRID</rastifor></rastinfo></spdoinfo><spref><horizsys><cordsysn><geogcsn Sync="TRUE">GCS_North_American_1927</geogcsn><projcsn Sync="TRUE">NAD_1927_UTM_Zone_14N</projcsn></cordsysn><geodetic><horizdn Sync="TRUE">North American Datum of 1927</horizdn><ellips Sync="TRUE">Clarke 1866</ellips><semiaxis Sync="TRUE">6378206.400000</semiaxis><denflat Sync="TRUE">294.978698</denflat></geodetic><planar><planci><plance Sync="TRUE">row and column</plance><plandu Sync="TRUE">meters</plandu><coordrep><absres Sync="TRUE">1000.000000</absres><ordres Sync="TRUE">1000.000000</ordres></coordrep></planci><gridsys><gridsysn Sync="TRUE">Universal Transverse Mercator</gridsysn><utm><utmzone Sync="TRUE">14</utmzone><transmer><sfctrmer Sync="TRUE">0.999600</sfctrmer><longcm Sync="TRUE">-99.000000</longcm><latprjo Sync="TRUE">0.000000</latprjo><feast Sync="TRUE">500000.000000</feast><fnorth Sync="TRUE">0.000000</fnorth></transmer></utm></gridsys></planar></horizsys></spref><refSysInfo><RefSystem><refSysID><identCode Sync="TRUE">NAD_1927_UTM_Zone_14N</identCode></refSysID></RefSystem></refSysInfo><spatRepInfo><VectSpatRep><topLvl><TopoLevCd Sync="TRUE" value="001"></TopoLevCd></topLvl><geometObjs Name="peoria_thick"><geoObjTyp><GeoObjTypCd Sync="TRUE" value="004"></GeoObjTypCd></geoObjTyp><geoObjCnt Sync="TRUE">520</geoObjCnt></geometObjs></VectSpatRep><GridSpatRep><numDims Sync="TRUE">2</numDims><axDimProps><Dimen><dimName><DimNameTypCd Sync="TRUE" value="002"></DimNameTypCd></dimName><dimSize Sync="TRUE">540</dimSize><dimResol Sync="TRUE">1000</dimResol></Dimen><Dimen><dimName><DimNameTypCd Sync="TRUE" value="001"></DimNameTypCd></dimName><dimSize Sync="TRUE">236</dimSize><dimResol Sync="TRUE">1000</dimResol></Dimen></axDimProps><cellGeo><CellGeoCd Sync="TRUE" value="002"></CellGeoCd></cellGeo><tranParaAv Sync="TRUE">1</tranParaAv></GridSpatRep></spatRepInfo><eainfo><detailed Name="peoria_thick"><enttyp><enttypl Sync="TRUE">peoria_thick</enttypl><enttypt Sync="TRUE">Feature Class</enttypt><enttypc Sync="TRUE">520</enttypc></enttyp><attr><attrdomv><edom><edomv>Value</edomv><edomvd>Interpolated loess thickness assigned to a 1 km2 grid cell</edomvd></edom></attrdomv></attr></detailed><overview><dsoverv>See description of data set and methods in:

Mason, J. A.  2001.  Transport direction of Peoria Loess in Nebraska and implications for loess sources on the central Great Plains.  Quaternary Research 56: 79-86.</dsoverv><eaover>Value of each grid cell is interpolated from points in Peoria_Thick.shp, using first-order inverse distance weighted interpolation with a 50-km search radius.  Interpolation carried out using Spatial Analyst, ArcGIS.</eaover></overview></eainfo><mdDateSt Sync="TRUE">20040207</mdDateSt><dataqual><lineage><srcinfo><srccite><citeinfo><origin>Various staff of Conservation and Survey Division</origin><pubdate>Unpublished Material</pubdate><title>Test hole sample logs</title><othercit>Test hole sample logs are filed at the offices of the Conservation and Survey Division, School of Natural Resources, University of Nebraska-Lincoln</othercit></citeinfo></srccite><typesrc>paper</typesrc><srccontr>Conservation and Survey Division Test Hole Logs</srccontr></srcinfo><procstep><procdesc>Interpolation from point values of Peoria Loess thickness (Peoria_Thick.shp), using first-order inverse distance weighted interpolation with 50 km search radius</procdesc><date Sync="TRUE">20040207</date><time Sync="TRUE">14452500</time><procsv>ArcGIS</procsv><procdate>February 7, 2004</procdate></procstep></lineage><attracc><attraccr>See the following reference for details on methodology and estimated accuracy of loess thickness.  Accuracy is sufficient for scientific purposes similar to those described in this reference, but not for any site-specific engineering, environmental or regulatory applications of geologic data.

Mason, J. A.  2001.  Transport direction of Peoria Loess in Nebraska and implications for loess sources on the central Great Plains.  Quaternary Research 56: 79-86.</attraccr></attracc><posacc><horizpa/></posacc></dataqual></metadata>
